{
  "kernel_correctness": {
    "output_abs_error": 2.384185791015625e-07,
    "output_rel_error": 7.635301813024853e-08,
    "state_abs_error": 5.960464477539063e-08,
    "state_rel_error": 8.212324331680065e-08,
    "passed": true,
    "config": {
      "B": 2,
      "T": 64,
      "H": 4,
      "K": 32,
      "V": 64
    }
  },
  "performance": {
    "B=4,T=64,H=8,K=32,V=64": {
      "pytorch_ms": 10.501050200036843,
      "triton_ms": 0.09442874979868066,
      "speedup": 111.20607042267082,
      "config": {
        "B": 4,
        "T": 64,
        "H": 8,
        "K": 32,
        "V": 64
      }
    },
    "B=8,T=128,H=8,K=32,V=64": {
      "pytorch_ms": 17.540566100069555,
      "triton_ms": 0.27909269992960617,
      "speedup": 62.8485306297646,
      "config": {
        "B": 8,
        "T": 128,
        "H": 8,
        "K": 32,
        "V": 64
      }
    },
    "B=8,T=256,H=8,K=32,V=64": {
      "pytorch_ms": 31.68929505009146,
      "triton_ms": 0.5472815002576681,
      "speedup": 57.90309929199449,
      "config": {
        "B": 8,
        "T": 256,
        "H": 8,
        "K": 32,
        "V": 64
      }
    },
    "B=16,T=128,H=8,K=32,V=64": {
      "pytorch_ms": 14.64582974986115,
      "triton_ms": 0.47998410009313375,
      "speedup": 30.513156054584613,
      "config": {
        "B": 16,
        "T": 128,
        "H": 8,
        "K": 32,
        "V": 64
      }
    }
  },
  "gradient_flow": {
    "x_has_grad": true,
    "x_grad_norm": 26456463769600.0,
    "k_proj_has_grad": true,
    "v_proj_has_grad": true,
    "no_nan_in_grads": true,
    "no_inf_in_grads": true,
    "passed": true
  },
  "memory_behavior": {
    "initial_memory_mb": 17.25,
    "peak_memory_mb": 37.75,
    "final_memory_mb": 29.5,
    "memory_increase_mb": 20.5,
    "sequence_length": 1024,
    "total_elements": 3211264
  }
}